name,location,dining rating,dining reviews,cuisine,price,address,phone,url
Cé La Vie Kitchen & Bar,"Middle Circle, Connaught Place, New Delhi",4.2,4190,"North Indian, Mediterranean, Continental, Sushi, Italian, Lebanese, Asian, Bar Food","₹2,200 for two","H-11, Ground Floor, Connaught Cir, Block H, Connaught Place, New Delhi",919090272731,https://www.zomato.com/ncr/c%C3%A9-la-vie-kitchen-bar-connaught-place-new-delhi/info
Chido,"Connaught Place, New Delhi",4.1,3371,"North Indian, Asian, Lebanese, Italian, European, Chinese, Beverages","₹2,000 for two","M-18, Outer Circle, M Block, Connaught Place, New Delhi",919289072284,https://www.zomato.com/ncr/chido-connaught-place-new-delhi/info
Out Of The Box Courtyard,"Middle Circle, Connaught Place, New Delhi",4.1,2707,"Continental, North Indian, Italian, Pizza, Chinese, Asian, Fast Food, Beverages","₹2,200 for two","B 14/1-6, Middle Circle, Connaught Place, New Delhi",917701801223,https://www.zomato.com/ncr/out-of-the-box-courtyard-1-connaught-place-new-delhi/info
Lord Of The Drinks,"Outer Circle, Connaught Place, New Delhi",4.3,13K,"Oriental, North Indian, Continental, Italian, Salad, Fast Food, Desserts, Beverages","₹2,400 for two","G-72, 1st Floor, Outer Circle, Connaught Place, New Delhi",919999827144,https://www.zomato.com/ncr/lord-of-the-drinks-connaught-place-new-delhi/info
Warehouse Cafe,"Connaught Place, New Delhi",4.2,12.7K,"North Indian, Italian, Asian, Kebab, Beverages","₹2,400 for two","D 19/20, D Block, Inner Circle, Near Metro Station Gate 3, Connaught Place, New Delhi",919953033368,https://www.zomato.com/ncr/warehouse-cafe-connaught-place-new-delhi/info
Zurii Delhi,"Club Road, Punjabi Bagh, New Delhi",4.4,778,"North Indian, Asian, Chinese, Pasta, Pizza, Burger, Salad, Desserts","₹1,800 for two","25, 3rd Floor, NWA, Club Road, Punjabi Bagh, New Delhi",918988980505,https://www.zomato.com/ncr/zurii-delhi-1-punjabi-bagh-new-delhi/info
Khubani,"Aerocity, New Delhi",3.7,560,"Mediterranean, Modern Indian, Middle Eastern, Asian, Italian, Desserts","₹3,500 for two","1, Hospitality District, Aerocity, New Delhi",918069168800,https://www.zomato.com/ncr/khubani-aerocity-new-delhi/info
Sufiaana By Cherish,"Ashok Vihar Phase 2, New Delhi",4.4,615,"North Indian, Mediterranean, Asian, European, Chinese","₹2,000 for two","Upper Ground Floor, C-3-4, Pocket C 3, Ashok Vihar Phase 2, New Delhi",919355596661,https://www.zomato.com/ncr/sufiaana-by-cherish-ashok-vihar-phase-2-new-delhi/info
K3 - JW Marriott New Delhi,"JW Marriott New Delhi, Aerocity, New Delhi",4.4,1789,"North Indian, Cantonese, Italian, Asian, Desserts","₹5,000 for two","Asset Area 4, Hospitality District, Aerocity, New Delhi",911145212121,https://www.zomato.com/ncr/k3-jw-marriott-new-delhi-aerocity-new-delhi/info
MKT,"Chanakya Mall, Chanakyapuri, New Delhi",4.1,1676,"Asian, European, Japanese, North Indian, Mexican, Thai, Pizza, Pasta","₹3,000 for two","Lower Ground Floor, Chanakya Mall, Chanakyapuri, New Delhi",+91 8068971343,https://www.zomato.com/ncr/mkt-1-chanakyapuri-new-delhi/info
Cafe Wink,"Anand Vihar, New Delhi",4.4,4957,"Cafe, Continental, Italian, Fast Food, Sandwich, Pizza, Beverages, Desserts","₹1,000 for two","G-1, Plot 9, Sikka Galaxy, Shreshtha Vihar, Near Anand Vihar, New Delhi",911143596979,https://www.zomato.com/ncr/cafe-wink-anand-vihar-new-delhi/info
Kasso,"Moti Nagar, New Delhi",4.2,611,"Italian, Continental, Chinese, Sushi, North Indian, Seafood","₹1,800 for two","30, Shivaji Marg, Moti Nagar, New Delhi",919911378989,https://www.zomato.com/ncr/kasso-moti-nagar-new-delhi/info
Paparizza - Woodfired Pizzas,"Kailash Colony, New Delhi",4.1,241,"Pizza, Pasta, Salad, Desserts, Ice Cream, Continental","₹2,000 for two","7, Shop 1, 2, Ground Floor, Kailash Colony Market, Kailash Colony, New Delhi",919958202541,https://www.zomato.com/ncr/paparizza-woodfired-pizzas-kailash-colony-new-delhi/info
Green Mantis - Authentic Pan Asian,"Khan Market, New Delhi",4.5,695,"Asian, Chinese, Sushi, Desserts, Beverages","₹3,200 for two","19A, Khan Market, New Delhi",918448815375,https://www.zomato.com/ncr/green-mantis-authentic-pan-asian-khan-market-new-delhi/info
Chelvies Coffee,"Sector 53, Gurgaon",4.4,588,"Cafe, Coffee",₹600 for two,"Shop 12, Ground Floor, Central Plaza Mall, Sector 53, Gurgaon",918287814194,https://www.zomato.com/ncr/chelvies-coffee-sector-53-gurgaon/info
Blinque,"Rajouri Garden, New Delhi",3.8,572,"Asian, Continental, Modern Indian, Italian, Desserts","₹2,500 for two","Near Main Market, Rajouri Garden, New Delhi",919582226591,https://www.zomato.com/ncr/blinque-rajouri-garden-new-delhi/info
Qla,"Mehrauli, New Delhi",4.2,1948,"European, Italian, Spanish, Desserts, Beverages","₹3,500 for two","4-A, Seven Style Mile, Kalka Das Marg, Near Qutab Minar, Mehrauli, New Delhi",918527098766,https://www.zomato.com/ncr/qla-mehrauli-new-delhi/info
Bobachee,"South Extension 2, New Delhi",4.3,843,"North Indian, Mughlai","₹2,500 for two","D-14, THIRD FLOOR South Extension 2, New Delhi",911135455091,https://www.zomato.com/ncr/bobachee-1-south-extension-2-new-delhi/info
The Qube - The Leela Palace,"The Leela Palace, Chanakyapuri, New Delhi",4.2,674,"North Indian, Italian, Asian, Seafood, Continental, European, , Desserts","₹3,500 for two","The Leela Palace, Diplomatic Enclave, Chanakyapuri, New Delhi",911139331234,https://www.zomato.com/ncr/the-qube-the-leela-palace-chanakyapuri-new-delhi/info
Zaffran By Kasbah,"Lala Lajpat Rai Marg, New Delhi",4.6,1346,"North Indian, Mughlai, Biryani","₹2,500 for two","N-2, 2nd Floor, N Block Market, Greater Kailash 1 (GK 1), New Delhi, Lala Lajpat Rai Marg, New Delhi",918588854072,https://www.zomato.com/ncr/zaffran-by-kasbah-lala-lajpat-rai-marg-new-delhi/info
Bukhara - ITC Maurya,"ITC Maurya, Chanakyapuri, New Delhi",4.4,4785,"North Indian, Kebab, Desserts","₹8,000 for two","ITC Maurya, Chanakyapuri, New Delhi",911126112233,https://www.zomato.com/ncr/bukhara-itc-maurya-chanakyapuri-new-delhi/info
Cabaana Kitchen & Bar,"Preet Vihar, New Delhi",New,47,"North Indian, Biryani, European, Continental, Asian, Sushi, Chinese, Desserts","₹1,800 for two","88, 3rd Floor, New Rajdhani Enclave, Preet Vihar, New Delhi",917669401012,https://www.zomato.com/ncr/cabaana-kitchen-bar-preet-vihar-new-delhi/info
Quoin - Novotel New Delhi Aerocity,"Novotel New Delhi, Aerocity, New Delhi",4.5,697,"North Indian, Oriental","₹3,500 for two","Asset 2, GMR Hospitality District, Near IGI Airport, Aerocity, New Delhi",919871666600,https://www.zomato.com/ncr/quoin-novotel-new-delhi-aerocity-aerocity-new-delhi/info
Elia Kitchen & Bar,"Rajouri Garden, New Delhi",4.1,343,"North Indian, Continental, Chinese, Biryani, Shake, Salad, Desserts, Beverages","₹2,700 for two","D-4, Block D, Ring Road, Rajouri Garden, New Delhi",011 71565093,https://www.zomato.com/ncr/elia-kitchen-bar-rajouri-garden-new-delhi/info
Dramz,"Mehrauli, New Delhi",4,3488,"European, Japanese, Asian, North Indian","₹3,500 for two","1580/1, KD Marg, Near Qutub Minar, Mehrauli, New Delhi",919311022419,https://www.zomato.com/ncr/dramz-mehrauli-new-delhi/info
736 AD Culinary Bar,"Delhi University-GTB Nagar, New Delhi",4.3,216,"North Indian, Chinese, Cafe","₹1,500 for two","3rd Floor, G16B Vijay Nagar, Single Story, Delhi, Delhi University-GTB Nagar, New Delhi",918010000249,https://www.zomato.com/ncr/736-ad-culinary-bar-delhi-university-gtb-nagar-new-delhi/info
Viva - All Day Dining - Holiday Inn,"Holiday Inn, Aerocity, New Delhi",4.3,1559,"North Indian, Asian, Chinese, Sandwich, Salad, Rolls, Italian, Beverages","₹3,500 for two","12, Holiday Inn, Asset Area, Hospitality District, Aerocity, New Delhi",911142222026,https://www.zomato.com/ncr/viva-all-day-dining-holiday-inn-aerocity-new-delhi/info
Gonzo - Pan Asian Kitchen,"Basant Lok Market, Vasant Vihar, New Delhi",4.5,724,"Asian, Chinese, Japanese, Thai, Beverages, Coffee","₹1,400 for two","14C, First Floor, Vasant Lok Priya Market, Vasant Vihar, New Delhi",919811926307,https://www.zomato.com/ncr/gonzo-pan-asian-kitchen-vasant-vihar-new-delhi/info
The Salt Cafe,"Hajipur, Noida",4.3,3016,"Continental, Chinese, North Indian, Modern Indian, Lebanese, Japanese, Mediterranean, Italian","₹2,200 for two","Plot 437, 4th Floor, Sector 104, Hajipur, Noida",917840011183,https://www.zomato.com/ncr/the-salt-cafe-hajipur-noida/info
RAAG - The Pan-Indian- by Miss Nora,"Rajouri Garden, New Delhi",3.7,219,"North Indian, Mughlai, Modern Indian","₹1,200 for two","1st Floor, R Cube Monad Mall, Rajouri Garden, New Delhi",919810466013,https://www.zomato.com/ncr/raag-the-pan-indian-by-miss-nora-rajouri-garden-new-delhi/info
Mount Fuji Japanese Pan Asian Restaurant & Bar,"Middle Circle, Connaught Place, New Delhi",4.6,3505,"Japanese, Asian, Chinese, Thai, Sushi, Seafood, Desserts, Beverages","₹2,400 for two","M-41/2, Speedbird House, Middle Circle, Connaught Place, New Delhi",918100474746,https://www.zomato.com/ncr/mount-fuji-japanese-pan-asian-restaurant-bar-connaught-place-new-delhi/info
G3 Kitchen & Bar,"Preet Vihar, New Delhi",4.2,453,"North Indian, Chinese, Thai, Sushi, Italian, Asian, European, Beverages","₹1,200 for two","C-50, Third Floor, C Block, Preet Vihar, New Delhi",917428396560,https://www.zomato.com/ncr/g3-kitchen-bar-preet-vihar-new-delhi/info
Maruchi,"Lado Sarai, New Delhi",4.5,1002,"Chinese, Asian, Pizza, Sushi, Japanese, Seafood, Pasta, Desserts","₹3,000 for two","Aurobino Marg, Opposite Qutub Golf Course, Lado Sarai, New Delhi",919910425070,https://www.zomato.com/ncr/maruchi-lado-sarai-new-delhi/info
The Chatter House,"Epicuria Food Mall, Nehru Place, New Delhi",4.3,3751,"North Indian, American, Burger, Italian, Desserts, Beverages","₹2,500 for two","Lower Basement, Epicuria Food Mall, Near Nehru Place Metro Station, Nehru Place, New Delhi",919310790778,https://www.zomato.com/ncr/the-chatter-house-nehru-place-new-delhi/info
Chili's Grill & Bar,"DLF Mall of India, Sector 18, Noida",4.5,9458,"Mexican, Pizza, Pasta, American, Burger, Tex-Mex, Desserts","₹2,500 for two","3rd Floor, DLF Mall Of India, Sector 18, Noida",919650082466,https://www.zomato.com/ncr/chilis-grill-bar-sector-18-noida/info
The Pit,"Vasant Vihar, New Delhi",4.4,272,"BBQ, Grilled Chicken, Salad, Pizza, Burger","₹2,000 for two","46, 1st Floor, Basant Lok Market, Priya Complex, Vasant Vihar, New Delhi",919667661322,https://www.zomato.com/ncr/the-pit-vasant-vihar-new-delhi/info
RYU Rooftop Bar,"32nd Avenue, Milestone, Gurgaon",4.3,2639,"North Indian, Asian, Italian, Sushi, Pasta, Pizza, Chinese, Bar Food","₹2,000 for two","Plot 27, 32nd Avenue, Part 2, National Highway 8, Sector 15, Gurgaon",919810168213,https://www.zomato.com/ncr/ryu-rooftop-bar-sector-15-gurgaon/info
Litchi Bistro,"Malviya Nagar, New Delhi",4.1,220,"Sandwich, European, Italian, Pizza, Pasta, Modern Indian","₹1,600 for two","T-540, Ground Floor, Panchsheel Park, Malviya Nagar, New Delhi",919818563444,https://www.zomato.com/ncr/litchi-bistro-malviya-nagar-new-delhi/info
Call Chotu - All Day Diner & Bar,"Saket, New Delhi",4.6,947,"North Indian, Chinese, Thai, Street Food, Maharashtrian, Momos, Bakery, Ice Cream","₹1,000 for two","GF-17, D2, Southern Park, Saket District Centre, Saket, New Delhi",919910841526,https://www.zomato.com/ncr/call-chotu-all-day-diner-bar-saket-new-delhi/info
Azula Asian Kitchen,"Community Centre, New Friends Colony, New Delhi",4.4,595,"Asian, Japanese, Sushi, Oriental, Chinese, Seafood, Salad, Coffee","₹1,800 for two","53, Community Centre, Opposite ICICI Bank, New Friends Colony, New Delhi",919650444697,https://www.zomato.com/ncr/azula-asian-kitchen-new-friends-colony-new-delhi/info
Themis Barbeque House,"Ambience Mall, DLF Phase 3, Gurgaon",4.2,2223,"North Indian, Italian, Mughlai, Salad, Desserts, Beverages, BBQ, Asian","₹1,800 for two","4th Floor, Ambience Mall, DLF Phase 3, Gurgaon",919090000855,https://www.zomato.com/ncr/themis-barbeque-house-1-dlf-phase-3-gurgaon/info
House Of Wok Prive,"Punjabi Bagh, New Delhi",4.5,313,"Asian, Sushi, Chinese, Thai, Japanese, Seafood","₹1,800 for two","Plot 41, Central Market, Punjabi Bagh, New Delhi",917042730202,https://www.zomato.com/ncr/house-of-wok-prive-punjabi-bagh-new-delhi/info
Rooh,"Ambawatta One Complex, Mehrauli, New Delhi",4.5,999,"Modern Indian, North Indian, Desserts, Beverages","₹4,500 for two","H-5/1, Ambawatta One Complex, Kalkadas Marg, Mehrauli, New Delhi",917303600299,https://www.zomato.com/ncr/rooh-mehrauli-new-delhi/info
Indy by Qla,"Eldeco Centre, New Delhi",4.4,263,"North Indian, Desserts, Beverages","₹3,000 for two","G/4F, G/5F, Ground Floor, Eldeco Center, Malviya Nagar, New Delhi",919995552972,https://www.zomato.com/ncr/indy-by-qla-malviya-nagar-new-delhi/info
Melt House,"M Block Market, Greater Kailash 2 (GK2), New Delhi",4.3,1865,"Cafe, Continental, Sandwich, Italian, Desserts, Coffee, Beverages, Bar Food","₹1,800 for two","74, 2nd Floor, Block M, Road 5, Greater Kailash 2 (GK 2), New Delhi",917703974772,https://www.zomato.com/ncr/melt-house-greater-kailash-gk-2-new-delhi/info
Toy Box,"Sector 29, Gurgaon",4.2,514,"Continental, Chinese, North Indian, Italian, European, Fast Food, Pizza, Beverages","₹3,000 for two","Plot No. 16 & 17, 2nd Floor, Sector 29, Gurgaon",919870280025,https://www.zomato.com/ncr/toy-box-sector-29-gurgaon/info
Fiaba,"Sector 72, Noida",3.9,704,"Cafe, Italian, Bakery, Pizza, Continental, North Indian, Coffee, Desserts","₹1,200 for two","Property No - BLK - 2, Sector - 116, Noida City Zone -4, Gautam Buddha Nagar, Sector 72, Noida",919818458557,https://www.zomato.com/ncr/fiaba-sector-72-noida/info
NAO - Next Asian Outing,"M Block Market, Greater Kailash 2 (GK2), New Delhi",4.5,2710,"Korean, Asian, Chinese, Sushi, Desserts, Beverages","₹1,700 for two","M-40, First Floor, M Block Market, Near Looks Salon, Greater Kailash 2 (GK 2), New Delhi",919971840750,https://www.zomato.com/ncr/nao-next-asian-outing-greater-kailash-gk-2-new-delhi/info
Juu Juu,"Sector 59, Gurgaon",4.5,496,"European, Mediterranean, Turkish, Continental, Bar Food","₹3,000 for two","Unit No 21B, Second Floor, Grand View High Street, Grand Hyatt Complex, Golf Course Extension, Sector 59, Gurgaon",919870133977,https://www.zomato.com/ncr/juu-juu-sector-59-gurgaon/info
The Sunday House,"Punjabi Bagh, New Delhi",4.3,850,"Asian, Mediterranean, North Indian, Pizza, Pasta, Sushi","₹1,400 for two","Property 3C, Club Road, West Punjabi Bagh, New Delhi",919911836663,https://www.zomato.com/ncr/the-sunday-house-punjabi-bagh-new-delhi/info
Udipi's Aahar,"Hajipur, Noida",4.3,1741,"South Indian, Shake",₹400 for two,"105, HA-107 & HA-108, Sector 104, Hajipur, Noida",919773984285,https://www.zomato.com/ncr/udipis-aahar-hajipur-noida/info
House Of Boho,"Ansal Plaza Mall, Khel Gaon Marg, New Delhi",4.1,961,"Mediterranean, Asian, Sushi, Italian, Pizza, Pasta, North Indian","₹3,200 for two","Ansal Plaza, Hudco Place, Andrews Ganj, Khel Gaon Marg, Near August Kranti Marg, South Extension 2, New Delhi",919773771588,https://www.zomato.com/ncr/house-of-boho-south-extension-2-new-delhi/info
Big Yellow Door,"Sector 16, Faridabad",4.4,454,"North Indian, Bar Food, Beverages",₹550 for two,"SCO 25, 2nd Floor, Sector 16, Faridabad",919319060779,https://www.zomato.com/ncr/big-yellow-door-3-sector-16-faridabad/info
House of Migo,"Sector 135, Noida",4.7,3643,"Italian, Burger, Pizza, Pasta, Beverages, Coffee, Desserts","₹2,000 for two","Shop 203, 2nd Floor, To - Day, Logix Blossom Green GH 01, Sector 135, Noida",919911182245,https://www.zomato.com/ncr/house-of-migo-1-sector-135-noida/info
38 Barracks,"Connaught Place, New Delhi",4.5,9430,"North Indian, Biryani, Chinese, Kebab, Desserts, Beverages","₹1,100 for two","M-38, Outer Circle, Opposite Shankar Market, Connaught Place, New Delhi",919717304083,https://www.zomato.com/ncr/38-barracks-connaught-place-new-delhi/info
Sultan- Radisson Blu Kaushambi,"Radisson Blu Hotel, Kaushambi, Ghaziabad",4.3,2616,"North Indian, Chinese, Continental, Italian, Asian, Beverages","₹3,500 for two","H 3, Kaushambi, Ghaziabad",918744050670,https://www.zomato.com/ncr/sultan-radisson-blu-kaushambi-kaushambi-ghaziabad/info
Cafe De Flora,"Chanakyapuri, New Delhi",3.7,949,"Cafe, Coffee, Fast Food, Salad, Pasta, Beverages, Sandwich","₹1,200 for two","Shop 24 & 25, West Flank, Santushti Shopping Complex, Chanakyapuri, New Delhi",918882927513,https://www.zomato.com/ncr/cafe-de-flora-chanakyapuri-new-delhi/info
The Monk,"32nd Avenue, Milestone, Gurgaon",4.3,453,"Chinese, Thai, Asian","₹2,000 for two","1st Floor, Part 2, Unit 23, 32nd Avenue, Sector 15, Gurgaon",919311550445,https://www.zomato.com/ncr/the-monk-1-sector-15-gurgaon/info
Imperfecto,"Gardens Galleria Mall, Sector 38, Noida",4,3581,"North Indian, Continental, Asian","₹2,000 for two","Gardens Gallaria Mall, Sector 38, Noida",919999123206,https://www.zomato.com/ncr/imperfecto-sector-38-noida/info
AMA Cafe,"Majnu ka Tila , New Delhi",4.4,5499,"Cafe, Continental, Fast Food, Street Food, Pizza, Burger, Desserts",₹900 for two,"House 6, New Colony, Majnu ka Tila, New Delhi",917428583240,https://www.zomato.com/ncr/ama-cafe-majnu-ka-tila/info
Gulati,"Pandara Market, New Delhi",4.5,6698,"North Indian, Mughlai, Biryani, Kebab, Desserts, Beverages","₹2,200 for two","6, Pandara Road Market, New Delhi",911145614378,https://www.zomato.com/ncr/gulati-pandara-road-new-delhi/info
Poiz,"AIPL Joy Street, Gurgaon",4.5,346,"North Indian, Continental, Italian, Chinese","₹2,000 for two","Poiz Gurugram, SECOND FLOOR, AIPL JOY STREET, SF/021, Main Gujjar Rd, Badshahpur, Sector 66, Gurugram, Haryana, Sector 66, Gurgaon",918448080360,https://www.zomato.com/ncr/poiz-sector-66-gurgaon/info
Open Tap 29,"Main Market, Sector 29, Gurgaon",4.4,4189,"Bar Food, Oriental, Continental, Fast Food, North Indian, Beverages","₹2,500 for two","SCO 38, Main Market, Sector 29, Gurgaon",919971110974,https://www.zomato.com/ncr/open-tap-29-sector-29-gurgaon/info
American Brew - All day American Breakfast & Cafe,"Defence Colony, New Delhi",4.3,2557,"Cafe, Coffee, Beverages, Healthy Food, Italian, Continental, Pancake, Desserts","₹1,200 for two","D12, 2nd Floor, Dron Marg, Near Petrol Pump, Defence Colony, New Delhi",919717990135,https://www.zomato.com/ncr/american-brew-all-day-american-breakfast-cafe-defence-colony-new-delhi/info
Bella Vie,"Champa Gali, New Delhi",3.4,574,"Cafe, Continental, Italian, Chinese, Pasta, Beverages, Shake, Desserts","₹1,000 for two","258, Ground Floor, Champa Gali, Saiyad Ul Ajaib Extension, Sainik Farms, New Delhi",917982113363,https://www.zomato.com/ncr/bella-vie-sainik-farms-new-delhi/info
Chard - Burgers Grill And Bar,"Basant Lok Market, Vasant Vihar, New Delhi",4.5,580,"Burger, Continental, Coffee, Ice Cream, Beverages","₹1,000 for two","38, 1st Floor, Priya Market, Vasant Vihar, New Delhi",918368569532,https://www.zomato.com/ncr/chard-burgers-grill-and-bar-1-vasant-vihar-new-delhi/info
145 Cafe And Bar,"Cyber Hub, DLF Cyber City, Gurgaon",4.4,876,"North Indian, Kebab, Seafood, Continental, Italian, Desserts, Beverages, Bar Food","₹1,500 for two","8C, 4C, Ground Floor, 10th Road, DLF Cyber City, Gurgaon",919819834818,https://www.zomato.com/ncr/145-cafe-and-bar-1-dlf-cyber-city-gurgaon/info
The Sky High,"Ansal Plaza Mall, Khel Gaon Marg, New Delhi",4.1,3495,"North Indian, Chinese, Mughlai, Continental, Italian, Biryani, Beverages","₹2,000 for two","C-306, A-307, T-101 & 102, 3rd Floor, Ansal Plaza Mall, Khel Gaon Marg, New Delhi",919811208202,https://www.zomato.com/ncr/the-sky-high-khel-gaon-marg-new-delhi/info
Laidback Cafe,"DLF Avenue, Saket, New Delhi",4.5,1552,"Asian, Oriental, Continental, Italian, Middle Eastern, North Indian, Desserts, Beverages","₹1,900 for two","Shop 240-241, 1st Floor, DLF Avenue, Saket, New Delhi",918178207557,https://www.zomato.com/ncr/laidback-cafe-1-saket-new-delhi/info
Bellagio,"Grand View High Street , Gurgaon",4.3,2506,"European, Italian, Arabian, Mughlai, Modern Indian, Salad, Desserts","₹3,000 for two","14A, 2nd Floor, Ireo Grand View High Street, Golf Course Extension Road, Sector 58, Gurgaon",918130476700,https://www.zomato.com/ncr/bellagio-sector-58-gurgaon-gurgaon/info
Jamun,"Lodhi Colony, New Delhi",4.4,1539,"North Indian, Mughlai, Fast Food, Beverages","₹1,800 for two","17, Near Yamuna Chemist, Lodhi Colony, New Delhi",919990442244,https://www.zomato.com/ncr/jamun-lodhi-colony-new-delhi/info
Avatar,"Grand View High Street , Gurgaon",4.2,1235,"Asian, European, Turkish, Modern Indian","₹3,000 for two","Unit 16A/16B, 2nd Floor, Sector 58, Gurgaon",919205144461,https://www.zomato.com/ncr/avatar-sector-58-gurgaon/info
Dearie,"Gardens Galleria Mall, Sector 38, Noida",4.2,2333,"North Indian, Chinese, Pizza, Italian, Asian, Biryani, Sushi,","₹1,800 for two","B-2 First Floor, Gardens Galleria Mall, Gautam Budh Nagar, Sector 38A, Near Sector 38, Noida",919650805233,https://www.zomato.com/ncr/dearie-sector-38-noida/info
Zylo By Kakapo,"Ambawatta One Complex, Mehrauli, New Delhi",4.3,572,"Italian, Asian, Sushi, Mediterranean, Continental, Desserts","₹3,000 for two","2nd Floor, Ambawatta One Complex, Kalka Das Marg, Mehrauli, New Delhi",919319995829,https://www.zomato.com/ncr/zylo-by-kakapo-mehrauli-new-delhi/info
Bizou-Bizou,"Worldmark 2, Aerocity, New Delhi",4.2,685,"European, Asian","₹2,400 for two","Ground Floor, Worldmark 2, Aerocity, New Delhi",917303156444,https://www.zomato.com/ncr/bizou-bizou-1-aerocity-new-delhi/info
Ministry Of Daru,"Sector 63, Noida",4.3,3938,"Finger Food, Chinese, Continental, Italian, Mughlai, North Indian","₹1,800 for two","Plot 25, Block H1A, Sector 63, Noida",919667623005,https://www.zomato.com/ncr/ministry-of-daru-sector-63-noida/info
Oh Honey,"Logix City Centre, Sector 32, Noida",4.1,134,"North Indian, Oriental, Mughlai, Chinese, Fast Food, Pizza, Pasta, Bar Food","₹1,000 for two","H9F3 & PF 2, Logix Mall, Wave City Centre, Sector 32, Noida",917428928111,https://www.zomato.com/ncr/oh-honey-sector-32-noida/info
The Soho Garden,"Vaishali, Ghaziabad",4.3,744,"Italian, Chinese, North Indian, Bar Food, Asian, Biryani, Sandwich, Pasta","₹1,500 for two","Plot 6A, Sector 3, Vaishali, Ghaziabad",917065338000,https://www.zomato.com/ncr/the-soho-garden-vaishali-ghaziabad/info
Fat Lulu's Cafe & Bar,"Khan Market, New Delhi",4.3,1226,"Italian, Pasta, Continental, Beverages","₹1,400 for two","11, First Floor, Khan Market, New Delhi",919716628654,https://www.zomato.com/ncr/fat-lulus-cafe-bar-khan-market-new-delhi/info
Laidback Cafe,"Cyber Hub, DLF Cyber City, Gurgaon",4.6,2678,"North Indian, Continental","₹1,900 for two","Cyber Hub, DLF Cyber City, Gurgaon",919990816806,https://www.zomato.com/ncr/laidback-cafe-dlf-cyber-city-gurgaon/info
Pirates Of Grill,"DLF Mall of India, Sector 18, Noida",4.3,6404,"Chinese, Asian, Oriental, North Indian, Salad, BBQ, Desserts","₹2,200 for two","C 417, 3rd Floor, DLF Mall Of India, Sector 18, Noida",919205190777,https://www.zomato.com/ncr/pirates-of-grill-sector-18-noida/info
Yo Tibet,"Safdarjung, New Delhi",3.9,593,"Tibetan, Chinese, Fast Food, Beverages, Sichuan, North Indian",₹500 for two,"119 A, Upper Ground Floor, Humanyunpur Village, Main Enclave, Near NCC Gate, Safdarjung, New Delhi",911149061573,https://www.zomato.com/ncr/yo-tibet-safdarjung-new-delhi/info
The One - Le Meridien,"Le Meridien New Delhi, Janpath, New Delhi",4,748,"Continental, Italian, Fast Food, Beverages, Desserts","₹6,000 for two","Le Meridien, Windsor Place, Janpath, New Delhi",918447741474,https://www.zomato.com/ncr/the-one-le-meridien-janpath-new-delhi/info
Camillo's - The Manor Hotel,"The Manor Hotel, Friends Colony, New Delhi",3.6,169,"Cafe, Coffee, Beverages, Salad, Pizza, Desserts, Italian","₹3,000 for two","77, Mathura Road, Friends Colony, New Delhi",918130805888,https://www.zomato.com/ncr/camillos-the-manor-hotel-friends-colony-new-delhi/info
The Irish House,"DLF Mall of India, Sector 18, Noida",4.4,2211,"European, American, Continental, Finger Food, Desserts","₹2,200 for two","4th Floor, DLF Mall Of India, Sector 18, Noida",918291897039,https://www.zomato.com/ncr/the-irish-house-sector-18-noida/info
Maltt & Myths,"Sector 62, Noida",4.3,311,"North Indian, Kebab, Asian, Chinese, Pizza, Pasta, Sushi, Desserts","₹1,700 for two","Plot No. 8, Club Tower, Block B, Noida One, Noida City Zone -1, Gautam Buddha Nagar Sector 62, Noida",917290044448,https://www.zomato.com/ncr/maltt-myths-sector-62-noida/info
Cafe Lota,"Pragati Maidan, New Delhi",4.7,4241,"Cafe, South Indian, North Indian, Beverages","₹1,200 for two","National Crafts Museum, Gate 2, Bhairon Marg, Pragati Maidan, New Delhi",917838960787,https://www.zomato.com/ncr/cafe-lota-pragati-maidan-new-delhi/info
Baclaavi,"Greater Kailash 1 (GK1), New Delhi",3.8,57,"European, Asian","₹2,500 for two","M-34, Second Floor M Block, Greater Kailash 1 (GK 1), New Delhi",919266582825,https://www.zomato.com/ncr/baclaavi-greater-kailash-gk-1-new-delhi/info
Lakeview Bistro,"Hauz Khas Village, New Delhi",4,303,"Continental, Pasta, Mediterranean, Chinese, Sandwich, Oriental, North Indian, Beverages","₹1,800 for two","9A, Deer Park, Hauz Khas Village, New Delhi",919910707462,https://www.zomato.com/ncr/lakeview-bistro-hauz-khas-village-new-delhi/info
Qavalli,"Worldmark 1, Aerocity, New Delhi",4.1,288,"North Indian, Mughlai, Desserts, Beverages","₹2,000 for two","6, Lower Ground Floor, Worldmark 1, Aerocity, New Delhi",917290002916,https://www.zomato.com/ncr/qavalli-aerocity-new-delhi/info
Akra,"Lajpat Nagar 3, New Delhi",4.1,836,"Continental, Italian, Asian, Mediterranean, Modern Indian, Mughlai","₹1,500 for two","32, Feroz Gandhi Marg, 3rd Floor and 4th Floor, Link Road, Lajpat Nagar 3, New Delhi",919888631111,https://www.zomato.com/ncr/akra-lajpat-nagar-3-new-delhi/info
Kakapo,"Ambawatta One Complex, Mehrauli, New Delhi",4,652,"Oriental, Italian, Mediterranean, Continental","₹3,000 for two","House 5/5, 2nd Floor, Ward 1, Ambawatta One Complex, Kalka Das Marg, Mehrauli, New Delhi",919319995829,https://www.zomato.com/ncr/kakapo-mehrauli-new-delhi/info
Monsoon By Cafe Lota,"Worldmark 1, Aerocity, New Delhi",4.9,458,"North Indian, Modern Indian, Beverages","₹2,500 for two","R4, Lower Ground Floor, Worldmark 1, Aerocity, New Delhi",918287143752,https://www.zomato.com/ncr/monsoon-by-cafe-lota-aerocity-new-delhi/info
Unwind Cafe,"Ansal Plaza Mall, Khel Gaon Marg, New Delhi",4.2,1107,"European, Asian, North Indian, Middle Eastern, Italian, Pizza, Pasta, Beverages","₹1,800 for two","First Floor, Ansal Plaza Mall, Khel Gaon Marg, New Delhi",918448988002,https://www.zomato.com/ncr/unwind-cafe-khel-gaon-marg-new-delhi/info
Monkey Bar,"Vasant Kunj, New Delhi",4.4,4794,"North Indian, Burger, Pizza, Italian, Bar Food","₹2,800 for two","Plot 11, Upper Ground Floor, LSC, Vasant Kunj, New Delhi",911141095155,https://www.zomato.com/ncr/monkey-bar-vasant-kunj-new-delhi/info
PizzaExpress,"DLF Mall of India, Sector 18, Noida",4.3,6295,"Pizza, Pasta, Italian, Salad, Desserts, Coffee, Beverages, Cafe","₹1,200 for two","D-421 Level 3 Dlf Mall Of India Block M Sector 18, Noida",918655769472,https://www.zomato.com/ncr/pizzaexpress-sector-18-noida/info
Breathe & Bougie,"Mehrauli, New Delhi",4.2,58,European,"₹1,400 for two","Second Floor, Property No H 5/3, H 5/4, Back Side Ward No 1, Ambawatta One, Kalka Das Marg, Mehrauli, New Delhi",919289676888,https://www.zomato.com/ncr/breathe-bougie-mehrauli-new-delhi/info
The Establishment - Clubhouse & Kitchen,"Amrapali Leisure Valley, Greater Noida",4.5,315,"Italian, Continental, Modern Indian, Asian, Sushi, Pizza, Beverages, Salad","₹1,800 for two","Shop 15 UGF, Tower D And F Golden - I Plot 11 Techzone 04 Noida West Dadri Teshil -2, Gautam Buddha Nagar, Amrapali Leisure Valley, Greater Noida",917669012224,https://www.zomato.com/ncr/the-establishment-clubhouse-kitchen-amrapali-leisure-valley-greater-noida/info
Lost Lemons,"Sector 29, Gurgaon",4.1,869,"North Indian, European, Mediterranean","₹1,800 for two","SCO 27/28, Sector 29, Gurgaon",918929787494,https://www.zomato.com/ncr/lost-lemons-sector-29/info
EBISU Fine Japanese Cuisine,"Saket, New Delhi",4.4,660,"Japanese, Sushi, Seafood, Salad, Desserts","₹2,000 for two","Salcon, Rasvilas, Saket District Centre, District Centre, Sector 6, Pushp Vihar, Saket, New Delhi",919311127741,https://www.zomato.com/ncr/ebisu-fine-japanese-cuisine-saket-new-delhi/info
Mamagoto,"Cyber Hub, DLF Cyber City, Gurgaon",4.4,3583,"Asian, Japanese, Seafood, Rolls, Salad, Desserts, Beverages, Chinese","₹1,400 for two","Unit 2 C, Ground Floor, Building 10, Cyber Hub, DLF Cyber City, Gurgaon",919599933602,https://www.zomato.com/ncr/mamagoto-dlf-cyber-city/info
Kala Cafe,"Parliament Street, New Delhi",2.5,89,"North Indian, South Indian, Chinese, Pizza, Fast Food, Street Food, Desserts, Beverages",₹500 for two,"Indira Gandhi National Centre For The Arts, Near Western Court, Parliament Street, New Delhi",918178675635,https://www.zomato.com/ncr/kala-cafe-parliament-street-new-delhi/info
Pizza By Singh,"Sector 14, Gurgaon",3.6,12,"Pizza, Burger, Wraps, Fast Food, Shake, Beverages",₹500 for two,"2318R, Ground Floor, Gali 03, Rajiv Nagar, Sector 14, Gurgaon",919958397682,https://www.zomato.com/ncr/pizza-by-singh-1-sector-14-gurgaon/info
Cocoba,"SDA, New Delhi",4.2,126,"Cafe, Mediterranean, Asian, South Indian, Goan, Mangalorean, Kerala, Desserts","₹1,800 for two","C-18, 1St Floor, Safdar Jung Development Area, Bhim Nagar Shopping Center, SDA, New Delhi",919773500204,https://www.zomato.com/ncr/cocoba-sda-new-delhi/info
Deja Brew,"M Block Market, Greater Kailash 2 (GK2), New Delhi",4.6,2809,"Continental, Asian, Pasta, Pizza, Beverages, Burger, Desserts, Mediterranean","₹3,400 for two","M-20, Block M, Greater Kailash 2 (GK 2), New Delhi",918447441441,https://www.zomato.com/ncr/deja-brew-greater-kailash-gk-2-new-delhi/info
NIKO,"The Kitchens, Gurgaon",4.2,117,"Asian, Japanese, Sushi, Beverages, Salad, Desserts","₹2,500 for two","Unit 3, Ground Floor, Tower-A, Global Gateway Towers, Sector 26, Gurgaon",919910016717,https://www.zomato.com/ncr/niko-sector-26-gurgaon/info
Whisky Samba,"DLF Horizon Center, Gurgaon",4.2,1900,"Asian, Sushi, Japanese, Seafood, Modern Indian, Finger Food, Beverages, Desserts","₹5,000 for two","Shop 103, 104, Two Horizon Center, Golf Course Road, Gurgaon",919971773535,https://www.zomato.com/ncr/whisky-samba-golf-course-road/info
La Vie Douce,"M3M 65th Avenue, Gurgaon",4.7,469,"Continental, Italian, Desserts, European, Coffee, Cafe","₹1,500 for two","R1, 28, Ground Floor, M3M 65th Avenue, Sector 65, Gurgaon",919910836657,https://www.zomato.com/ncr/la-vie-douce-sector-65-gurgaon/info
Pind Balluchi,"Sector 29, Gurgaon",4,2205,"North Indian, Mughlai, Kebab, Chinese, Biryani",₹800 for two,"Near Leisure Valley, City Centre, Vatika Grand, Sector 29, Gurgaon",919958292942,https://www.zomato.com/ncr/pind-balluchi-sector-29-gurgaon/info
"""TALK""","One Golden Mile, Netaji Nagar, New Delhi",4.1,119,"European, Asian","₹3,000 for two","One Golden Mile, Block A, Netaji Nagar, New Delhi",+919289333086‬,https://www.zomato.com/ncr/talk-netaji-nagar-new-delhi/info
United Coffee House Rewind,"Pacific Mall (Tagore Garden), New Delhi",4.2,1000,"North Indian, Continental, Asian, Salad, Italian, Seafood, Desserts, Beverages","₹2,300 for two","Second Floor, Pacific Mall, Najafgarh Road, Tagore Garden, New Delhi",919625998526,https://www.zomato.com/ncr/united-coffee-house-rewind-tagore-garden-new-delhi/info
Hamoni : Cafe By The Greens,"Sector 23, Gurgaon",4.3,1092,"Cafe, North Indian, Italian, Chinese, Fast Food, Salad, Asian, Desserts","₹1,500 for two","CK Farm, Carterpuri Village, Sector 23A, Near Sector 23, Gurgaon",917290038887,https://www.zomato.com/ncr/hamoni-cafe-by-the-greens-sector-23-gurgaon/info
Smoke House Deli,"M3M International Financial Center, Gurgaon",4.3,1144,"Continental, European, Italian, Pizza, Healthy Food, Desserts, Cafe, Beverages","₹1,800 for two","Shop R3 025, Ground & Mezzanine Floor, M3M IFC, Badshahpur, Sector 66, Gurgaon",917838894896,https://www.zomato.com/ncr/smoke-house-deli-sector-66-gurgaon/info
Balloch,"Sector 49, Noida",4.5,494,"North Indian, Kebab, Mughlai, Biryani, Chinese, Oriental, Beverages, Desserts","₹1,200 for two","K-8, Sector 49, Noida",919205780775,https://www.zomato.com/ncr/balloch-sector-49-noida/info
KANDY Rooftop Cafe,"Sector 5, Dwarka, New Delhi",3.6,105,"North Indian, Continental, Chinese, Asian, Italian, Desserts, Sushi, Pizza","₹1,800 for two","Plot 6, 3rd Floor, Mlu, Hl Square, Sector 5, Dwarka, New Delhi",918882443288,https://www.zomato.com/ncr/kandy-rooftop-cafe-sector-5-dwarka-new-delhi/info
Cafe C Terrace - Zone Connect By The Park,"Saket, New Delhi",4.3,86,"North Indian, Pizza, Pasta, Thai, Coffee, Chinese, Continental, Beverages","₹2,000 for two","A/1, Saket, New Delhi",919821153458,https://www.zomato.com/ncr/cafe-c-terrace-zone-connect-by-the-park-saket-new-delhi/info
Snowberry Artisanal Desserts,"Connaught Place, New Delhi",3.4,144,"Ice Cream, Desserts, Shake",₹300 for two,"72, Municipal Market, Connaught Place, New Delhi",918368833680,https://www.zomato.com/ncr/snowberry-artisanal-desserts-connaught-place-new-delhi/info
Gin & Juliet,"M3M Urbana, Golf Course Extension, Gurgaon",3.8,822,"Chinese, Continental","₹2,000 for two","M3M URBANA, Ramgarh, Sector 66, Gurgaon",917464930103,https://www.zomato.com/ncr/gin-juliet-sector-66-gurgaon/info
Peach,"Sector 98, Noida",4.1,285,"Continental, Salad, Chinese, Beverages","₹1,500 for two","Unit 101, Plot C-2, 3rd Floor, E Square, Sec 96, Noida, Sector 98, Noida",919717404104,https://www.zomato.com/ncr/peach-sector-98-noida/info
Pastiche,"32nd Avenue, Milestone, Gurgaon",4.2,71,"Continental, Desserts, Salad","₹2,300 for two","Milestone, Highline, 32nd Avenue, Sector 15 Part 2, Sector 15, Gurgaon",919818494059,https://www.zomato.com/ncr/pastiche-sector-15-gurgaon/info
Big Yellow Door,"Hajipur, Noida",4.3,252,"Pizza, Italian, Burger, Pasta, Mexican, Sandwich, Desserts, Beverages","₹1,300 for two","DM-01, 2nd Floor, Hajipur, Noida",917011451925,https://www.zomato.com/big-yellow-door-hajipur-noida/info
The Barbeque Company,"Sector 85, Gurgaon",4,1044,"North Indian, Chinese, Desserts","₹1,600 for two","Second Floor, Block - B, Iris Broadway, Sector 85, Gurgaon",919319194690,https://www.zomato.com/ncr/the-barbeque-company-sector-85-gurgaon/info
Whiskers - Grand View,"Sector 58, Gurgaon",4,268,"Bar Food, North Indian, Kebab, Pizza, Mexican, Japanese, Chinese, Desserts","₹3,000 for two","Unit 21 A, 2nd Floor, Grand Hyatt Complex, Golf Course Extension Road, Sector 58, Gurgaon",918800027695,https://www.zomato.com/ncr/whiskers-grand-view-2-sector-58-gurgaon/info
Silbuttah - The Indian Story by Berco's,"Vishal Enclave, New Delhi",4.7,988,"North Indian, Mughlai, Kebab","₹1,300 for two","F-90, First & Second Floor, Vishal Enclave, Rajouri Garden, New Delhi",919599620282,https://www.zomato.com/ncr/silbuttah-the-indian-story-by-bercos-rajouri-garden-new-delhi/info
Jamie Oliver Kitchen,"Ambience Mall, DLF Phase 3, Gurgaon",4.5,728,"Italian, Pizza, Burger, Bar Food","₹1,200 for two","3th Floor, Fun City, Ambience Mall DLF Phase 3, Gurgaon",919599180116,https://www.zomato.com/ncr/jamie-oliver-kitchen-dlf-phase-3-gurgaon/info
Modern Grill,"Paschim Vihar, New Delhi",4.2,243,"North Indian, Chinese, Kebab, Beverages, Asian","₹1,800 for two","PLOT No. 1, COMMUNITY CENTER BLOCK-A GROUND FLOOR, AND FIRST FLOOR, VIKAS CHAMBERS TOWER, ARSS MALL PASCHIM VIHAR, PUNJABI BAGH, Paschim Vihar, New Delhi",919958312555,https://www.zomato.com/ncr/modern-grill-2-paschim-vihar-new-delhi/info
Noidawery,"Sector 63, Noida",4.4,5147,"Finger Food, Italian, Continental, Beverages","₹1,400 for two","H-1/A 31, H Block, Commercial Market, Sector 63, Noida",919599299033,https://www.zomato.com/ncr/noidawery-sector-63-noida/info
Galaxy Pizza,"Lajpat Nagar 1, New Delhi",4.1,46,Pizza,"₹1,500 for two","E-179, Krishna Nagar, Lajpat Nagar 1, New Delhi",911140157090,https://www.zomato.com/ncr/galaxy-pizza-lajpat-nagar-1-new-delhi/info
Chai Point,"Sector 72, Noida",3.7,50,"Tea, Coffee, Beverages, Shake, Fast Food, Rolls, Desserts, Cafe",₹400 for two,"Ground Floor, Tower-A Dhani, Southern Peripheral Road, Near Tata Primanti, Sector 72, Noida",918880141000,https://www.zomato.com/ncr/chai-point-1-sector-72-noida/info
Bell Botum Cocktail Bar & Kitchen,"DLF Galleria, DLF Phase 4, Gurgaon",4.4,340,"Continental, Mediterranean, Oriental, North Indian","₹2,000 for two","R2, Second Floor, Galleria Market, DLF Phase 4, Gurgaon",919205190405,https://www.zomato.com/ncr/bell-botum-cocktail-bar-kitchen-dlf-phase-4-gurgaon/info
Sevilla - The Claridges,"The Claridges, Aurangzeb Road, New Delhi",4.5,1747,"Moroccan, European, Mediterranean, Pizza, Desserts, Seafood","₹6,000 for two","The Claridges, 12, Dr. APJ Abdul Kalam Road, New Delhi",911139555096,https://www.zomato.com/ncr/sevilla-the-claridges-dr-apj-abdul-kalam-road/info
Spize Barbeque,"Hajipur, Noida",3.9,431,"North Indian, BBQ, Italian, Salad, Desserts","₹2,500 for two","2nd Floor, Kesri Plaza, Sector 104, Vishwakarma Road, Hajipur, Noida",919205669222,https://www.zomato.com/ncr/spize-barbeque-hajipur-noida/info
Open Tap,"Sector 49, Gurgaon",4.5,1917,"Finger Food, North Indian, Chinese, Italian, Bar Food","₹2,500 for two","Vatika Business Park, Sector 49, Gurgaon",918800669652,https://www.zomato.com/ncr/open-tap-sector-49/info
Capital Kitchen - Taj Palace,"Taj Palace, Chanakyapuri, New Delhi",4,378,"North Indian, European, Asian","₹5,500 for two","Taj Palace 2, Sardar Patel Marg, Chanakyapuri, New Delhi",911126110202,https://www.zomato.com/ncr/capital-kitchen-taj-palace-chanakyapuri-new-delhi/info
Lha Kitchen,"Safdarjung, New Delhi",4.1,571,"Tibetan, Nepalese, Chinese, Beverages, Momos","₹1,100 for two","168, 1st Floor, Humayunpur, Main Enclave, Near NCC Gate, Safdarjung, New Delhi",911141254905,https://www.zomato.com/ncr/lha-kitchen-safdarjung-new-delhi/info
Miss Doozy,"Greater Kailash 3 (GK3), New Delhi",4.6,1524,"North Indian, Biryani, Italian, Bar Food, Chinese, Shake, Beverages","₹1,000 for two","19, 20, 21, Ground Floor, DLF Centre Savitri Complex, Greater Kailash 3 (GK 3), New Delhi, Greater Kailash 3 (GK 3), New Delhi, Greater Kailash 3 (GK 3), New Delhi",918800597072,https://www.zomato.com/ncr/miss-doozy-greater-kailash-gk-3-new-delhi/info
Reflex,"M3M International Financial Center, Gurgaon",4.5,1145,"North Indian, Continental, Chinese, Italian, European, Sushi, Biryani, Beverages","₹2,500 for two","M3M International Financial Center, Sector 66, Gurgaon",918515898989,https://www.zomato.com/ncr/reflex-sector-66-gurgaon/info
Dwarka SYD Rooftop Cafe,"Sector 12, Dwarka, New Delhi",4,646,"Chinese, Fast Food, North Indian, Sandwich, Salad, Pizza, Pasta, Burger","₹1,100 for two","Plot 03, Manish Metro Plaza, Sector 12, Dwarka, New Delhi",919289709991,https://www.zomato.com/ncr/dwarka-syd-rooftop-cafe-sector-12-dwarka-new-delhi/info
ABB - Andrea's Bar & Brasserie,"Khan Market, New Delhi",4.5,1111,"Pizza, Asian, Sushi, Salad, Pasta, Italian, Burger, Mexican","₹2,500 for two","Shop 12, Middle Lane, Khan Market, New Delhi",918588823871,https://www.zomato.com/ncr/abb-andreas-bar-brasserie-khan-market-new-delhi/info
Bakebook Bakery,"Anand Vihar, New Delhi",4.3,497,"Bakery, Cafe, Coffee, Shake, Beverages, Desserts, Fast Food, Ice Cream",₹600 for two,"78, Rishabh Vihar, Maharaja Surajmal Marg, Near Anand Vihar, New Delhi",919773889591,https://www.zomato.com/ncr/bakebook-bakery-anand-vihar-new-delhi/info
Grillardin,"M3M International Financial Center, Gurgaon",4.6,322,"European, Healthy Food, Modern Indian, Mediterranean, Desserts, Beverages","₹2,000 for two","1st Floor, M3M IFC, Badshahpur, Sector 66, Gurgaon",919667715068,https://www.zomato.com/ncr/grillardin-sector-66-gurgaon/info
Angel Royall Pizza & More,"Sector 129, Noida",3.5,6,"Pizza, Burger, Sandwich, Pasta, Rolls, Fast Food, Street Food, Beverages",₹350 for two,"Shop 21, Shahpur, Gali 57 - 25, Sector 128, Near Shahpur Market Water Tank, Sector 129, Noida",919936884372,https://www.zomato.com/ncr/angel-royall-pizza-more-sector-129-noida/info
That Andhra Guy,"South City 1, Gurgaon",3.8,19,"South Indian, Biryani, Andhra, Chettinad",₹900 for two,"Building 105, South City 1, Gurgaon",919649197197,https://www.zomato.com/ncr/that-andhra-guy-south-city-1-gurgaon/info
Cosy Box,"One Golden Mile, Netaji Nagar, New Delhi",4.1,193,"Asian, Italian, Turkish, Japanese, European, Mediterranean, Kebab, Desserts","₹3,000 for two","One Golden Mile, Block A, Netaji Nagar, New Delhi",918375939495,https://www.zomato.com/ncr/cosy-box-netaji-nagar-new-delhi/info
Daryaganj - By The Inventors Of Butter Chicken And Dal Makhani,"Worldmark 1, Aerocity, New Delhi",4.3,1565,"North Indian, Mughlai, Biryani, Desserts","₹1,600 for two","Shop R1, Lower Ground Floor, The Walk, Worldmark 1, Aerocity, New Delhi",911143063679,https://www.zomato.com/ncr/daryaganj-by-the-inventors-of-butter-chicken-and-dal-makhani-aerocity-new-delhi/info
Pinch Of Spice,"Sector 10, Dwarka, New Delhi",4.5,2013,"North Indian, Mughlai, Chinese, Continental, Fast Food, Biryani, Desserts, Pasta","₹1,700 for two","Plot 18, 3rd Floor, Wadhwa Plaza-3, Central Market, Sector 10, Dwarka, New Delhi",919311966696,https://www.zomato.com/ncr/pinch-of-spice-sector-10-dwarka-new-delhi/info
The Black Coffee Cafe,"Sector 62, Noida",3.8,113,"Cafe, Coffee, Wraps, Sandwich, Pizza, Pasta, Mexican, Beverages",₹800 for two,"A-01, Ithum Tower A, Plot A 40, Sector 62, Noida",919629670247,https://www.zomato.com/ncr/the-black-coffee-cafe-sector-62-noida/info
TBSP - Tablespoon,"DLF Avenue, Saket, New Delhi",4.6,1469,"American, Italian, Desserts, BBQ, Pizza, Pasta, Burger","₹2,000 for two","Shop 167 - 168, Ground Floor, DLF Avenue, Saket, New Delhi",919821002551,https://www.zomato.com/ncr/tbsp-tablespoon-saket-new-delhi/info
Soul Barcelona,"M3M International Financial Center, Gurgaon",4.2,618,"Asian, Mediterranean, North Indian","₹1,800 for two","M3M IFC, Badshahpur, Sector 66, Gurgaon",917827692341,https://www.zomato.com/ncr/soul-barcelona-sector-66-gurgaon/info
Buho - Culinary Bar,"Sector 81, Faridabad",4.4,566,"Continental, Asian, North Indian, Tex-Mex, Fast Food, Chinese, Beverages","₹2,800 for two","AR-301, 81 High Street, Sector 81, Faridabad",919599191566,https://www.zomato.com/ncr/buho-culinary-bar-sector-81-faridabad/info
Dragonfly Experience,"Worldmark 1, Aerocity, New Delhi",4.4,1777,"European, Asian, Modern Indian, Pizza, Bar Food, Desserts, Beverages","₹3,000 for two","Worldmark 1, Aerocity, New Delhi",917303759995,https://www.zomato.com/ncr/dragonfly-experience-aerocity-new-delhi/info
Toscano,"Saket, New Delhi",4.5,177,"Italian, Pasta, Pizza, Steak, Desserts, Coffee","₹1,800 for two","S-44, 2nd Floor, Nexus Select City Walk, MGF Saket Driveway, Saket, New Delhi",917022305471,https://www.zomato.com/ncr/toscano-2-saket-new-delhi/info
Cafe Aurika,"Sushant Lok, Gurgaon",4.1,1379,"Cafe, Fast Food, Beverages, Sandwich, Desserts","₹1,200 for two","14, Sector 30, Block C, Sushant Lok Phase 1, Near Sushant Lok, Gurgaon",918826002788,https://www.zomato.com/ncr/cafe-aurika-sushant-lok-gurgaon/info
Drink And Dine,"Sector 75, Noida",4,363,"North Indian, Mughlai, Salad, Desserts, Chinese, Beverages","₹1,500 for two","FOF 23D, FOF 24, 4th Floor, Plot C&D, Gautam Buddha Nagar, Sector 75, Noida",91919205888107,https://www.zomato.com/ncr/drink-and-dine-sector-75-noida/info
Kutumbh,"Karkardooma, New Delhi",4.3,156,"North Indian, Biryani, Kebab, Chinese, Desserts, Beverages, Rolls, Salad","₹1,200 for two","Shop 7, Ground Floor, SK Infinity Mall, Karkardooma, New Delhi",919810254476,https://www.zomato.com/ncr/kutumbh-karkardooma-new-delhi/info
CASA Pasta Bar,"Hauz Khas, New Delhi",4,72,"Pasta, Coffee, Pizza, Continental, Beverages","₹2,200 for two","G-9, 1st Floor, Hauz Khas, New Delhi",919818229214,https://www.zomato.com/ncr/casa-pasta-bar-hauz-khas-new-delhi/info
Bulach,"Qutub Hotel , New Delhi",3.7,131,"Middle Eastern, Mediterranean, Turkish, European","₹4,000 for two","Qutab Hotel, Shaheed Jeet Singh Marg, Block C, Qutab Institutional Area, New Delhi",919811494913,https://www.zomato.com/ncr/bulach-qutab-institutional-area-new-delhi/info
Boa Village,"Civil Lines, New Delhi",4.3,2558,"Asian, Japanese, Korean, Chinese, Momos, Thai, Sichuan, Beverages","₹3,500 for two","13, Alipur Road, Civil Lines, New Delhi",011 66103865,https://www.zomato.com/ncr/boa-village-civil-lines-new-delhi/info
F Bar By Fashion TV,"Sector 132, Noida",4.3,75,"Bar Food, North Indian, Italian, Continental, Mughlai, Seafood, Kebab, Fast Food","₹2,000 for two","Shop 22 To 40, Plot C1-D1, Paras One 33, 2nd Floor, Noida Expressway, Sector 132, Noida",918655675621,https://www.zomato.com/ncr/f-bar-by-fashion-tv-sector-132-noida/info
Harajuku Tokyo Cafe,"Select Citywalk Mall, Saket, New Delhi",3.8,1231,"Asian, Japanese, Sushi, Coffee, Sandwich, Bakery, Desserts, Beverages","₹1,500 for two","F-40, First Floor, Select City Walk Mall, Saket, New Delhi",919560709104,https://www.zomato.com/ncr/harajuku-tokyo-cafe-saket-new-delhi/info
Dana Choga Reserve,"Sector 59, Gurgaon",4.1,83,"North Indian, Mughlai, Kebab, Chinese, Asian, Desserts","₹1,100 for two","1st Floor, Ireo City Central, Sector 59, Gurgaon",919266777685,https://www.zomato.com/ncr/dana-choga-reserve-sector-59-gurgaon/info
Atrium Deli - Ramada,"Ramada Gurgaon Central, Sector 44, Gurgaon",3.9,410,"North Indian, Italian, Continental","₹3,000 for two","Ramada Gurgaon Central, Site 2, Sector 44, Gurgaon",919717599224,https://www.zomato.com/ncr/atrium-deli-ramada-sector-44-gurgaon/info
Le Cantine,"DLF Promenade Mall, Vasant Kunj, New Delhi",4.4,1256,"European, Mediterranean, Italian, Desserts, Beverages, Burger, Pizza","₹1,800 for two","Shop 301 - 301 A, 2nd Floor, DLF Promenade Mall, Vasant Kunj, New Delhi",919319196961,https://www.zomato.com/ncr/le-cantine-vasant-kunj-new-delhi/info
VEER JI MALAI CHAAP WALE,"Sector 12, Noida",4,59,"North Indian, Biryani, Chinese, Burger, Rolls, Beverages",₹450 for two,"349C, Shop 5, Y Block, Near HP Petrol Pump, Sector 12, Noida",918368112591,https://www.zomato.com/ncr/veer-ji-malai-chaap-wale-4-sector-12-noida/info
Sky Rozo,"Janakpuri, New Delhi",4.3,610,"Asian, Continental, North Indian, Biryani, Chinese, European, Italian, Desserts","₹1,600 for two","Plot 625, 3rd Floor, B1 Road, Janakpuri, New Delhi",918795879595,https://www.zomato.com/ncr/sky-rozo-janakpuri-new-delhi/info
Oryn Cafe & Bistro,"Sector 15, Faridabad",4,193,"Cafe, Coffee, Burger, Italian, Shawarma, Pizza","₹1,000 for two","Shop 26/27/28, Sector 15, Faridabad",919971617717,https://www.zomato.com/ncr/oryn-cafe-bistro-sector-15-faridabad/info
Rose Cafe,"Eldeco Centre, New Delhi",3.9,3541,"Cafe, Italian, Continental, Mediterranean, Fast Food, Beverages, Desserts","₹1,700 for two","Ground Floor, Eldeco Centre, Metro station Gate-3, Malviya Nagar, New Delhi",919899055665,https://www.zomato.com/ncr/rose-cafe-malviya-nagar-new-delhi/info
